product,region,sales
Tablet,UK,61676
Keyboard,Germany,24970
Monitor,Germany,55682
Laptop,Germany,63772
Laptop,Canada,88046
Phone,Canada,27674
Phone,India,33230
Monitor,US,46568
Laptop,India,97829
Laptop,India,65828
Laptop,India,23901
Phone,US,78519
Laptop,Canada,47181
Tablet,US,90585
Monitor,Canada,94004
Keyboard,Germany,62235
Tablet,UK,35997
Laptop,US,68165
Tablet,UK,22969
Keyboard,India,23183
Laptop,Germany,91273
Laptop,Germany,62910
Keyboard,India,78698
Tablet,UK,31244
Tablet,India,27241
Laptop,US,28309
Phone,Canada,43666
Phone,US,85436
Phone,Germany,87489
Laptop,Canada,86183
Keyboard,India,79143
Monitor,US,54510
Monitor,Germany,67152
Laptop,US,46582
Keyboard,India,40849
Phone,US,35004
Tablet,Canada,68501
Tablet,India,85650
Phone,US,67514
Keyboard,Canada,49786
Monitor,UK,32152
Tablet,US,20171
Phone,Canada,75762
Phone,India,64748
Phone,Canada,76202
Laptop,Canada,57736
Tablet,US,67190
Phone,India,29255
Laptop,India,50110
Tablet,UK,95492
Keyboard,UK,93271
Phone,Germany,88093
Laptop,US,97280
Laptop,US,27788
Tablet,UK,48331
Phone,Canada,61341
Tablet,Canada,74129
Keyboard,UK,47006
Tablet,US,47627
Phone,Germany,65709
Phone,UK,27656
Monitor,Germany,62883
Laptop,India,43808
Keyboard,Canada,87087
Keyboard,US,46947
Monitor,Canada,79235
Tablet,US,88988
Keyboard,Germany,75869
Monitor,UK,22214
Phone,Canada,90801
Laptop,Canada,79848
Monitor,Canada,56795
Monitor,Canada,88502
Phone,UK,49801
Keyboard,US,61683
Laptop,India,47690
Laptop,India,80816
Monitor,India,65865
Tablet,UK,92316
Monitor,UK,39545
Keyboard,Germany,65617
Monitor,US,57073
Keyboard,Germany,36182
Tablet,US,25799
Phone,Germany,98614
Phone,US,40912
Monitor,India,67817
Keyboard,Canada,97602
Monitor,Germany,35635
Phone,Canada,38758
Monitor,Canada,37630
Tablet,Germany,78887
Phone,US,63579
Laptop,UK,85892
Keyboard,India,88989
Laptop,India,23967
Keyboard,UK,39977
Phone,Canada,48628
Phone,Germany,78660
Tablet,Canada,64202
